test_length,fasano_time
1,3.815399169921875
5,19.378388166427612
10,38.58642292022705
